id,district,flood_date,severity,precipitation_24h,precipitation_1h_max,description,source,created_at
1,강남구,2022-08-08,4,381.5,91.8,강남역 일대 대침수,뉴스_공공데이터_실제사건,2025-06-30 14:50:59
2,영등포구,2022-08-09,3,295.2,54.3,여의도 침수,뉴스_공공데이터_실제사건,2025-06-30 14:50:59
3,강서구,2023-07-15,2,89.5,32.1,김포공항로 침수,뉴스_공공데이터_실제사건,2025-06-30 14:50:59
4,은평구,2023-08-10,2,142.3,45.6,불광동 침수,뉴스_공공데이터_실제사건,2025-06-30 14:50:59
5,중랑구,2024-06-28,2,67.2,23.1,상봉동 침수,뉴스_공공데이터_실제사건,2025-06-30 14:50:59
6,성북구,2024-07-17,3,98.7,34.5,정릉동 침수,뉴스_공공데이터_실제사건,2025-06-30 14:50:59
7,도봉구,2024-08-11,2,76.3,28.9,창동 침수,뉴스_공공데이터_실제사건,2025-06-30 14:50:59
8,송파구,2025-05-23,2,78.4,31.2,잠실동 침수,뉴스_공공데이터_실제사건,2025-06-30 14:50:59
9,광진구,2025-06-15,3,112.7,42.8,구의동 침수 (2025년 첫 장마),뉴스_공공데이터_실제사건,2025-06-30 14:50:59
