id,year,month,day,obs_date,season_type,avg_temp,min_temp,max_temp,humidity,precipitation,wind_speed,is_flood_risk,created_at
152,2022,1,1,2022-01-01,dry,-4.3,-10.2,2.3,46.3,0.0,1.5,0,2025-06-30 14:27:58
153,2022,1,2,2022-01-02,dry,-1.3,-5.2,3.0,57.9,0.3,2.3,0,2025-06-30 14:27:59
154,2022,1,3,2022-01-03,dry,-1.9,-8.0,2.5,58.3,0.0,1.8,0,2025-06-30 14:28:00
155,2022,1,4,2022-01-04,dry,-2.5,-5.6,1.0,51.8,0.0,2.4,0,2025-06-30 14:28:00
156,2022,1,5,2022-01-05,dry,-2.8,-7.8,1.9,47.6,0.0,1.7,0,2025-06-30 14:28:01
157,2022,1,6,2022-01-06,dry,-2.2,-5.9,3.3,47.1,0.0,2.3,0,2025-06-30 14:28:02
158,2022,1,7,2022-01-07,dry,-1.6,-5.9,4.5,47.1,0.0,1.5,0,2025-06-30 14:28:02
159,2022,1,8,2022-01-08,dry,0.3,-5.0,3.7,64.3,0.0,1.7,0,2025-06-30 14:28:03
160,2022,1,9,2022-01-09,dry,1.3,-1.2,5.6,71.5,0.0,1.7,0,2025-06-30 14:28:04
161,2022,1,10,2022-01-10,dry,0.5,-3.4,4.4,68.3,0.9,2.0,0,2025-06-30 14:28:05
162,2022,1,11,2022-01-11,dry,-7.4,-10.3,0.3,55.5,0.2,4.0,0,2025-06-30 14:28:05
163,2022,1,12,2022-01-12,dry,-7.7,-11.3,-3.4,47.8,0.0,2.4,0,2025-06-30 14:28:06
164,2022,1,13,2022-01-13,dry,-6.4,-8.9,-3.1,45.8,0.0,3.3,0,2025-06-30 14:28:07
165,2022,1,14,2022-01-14,dry,-4.8,-10.1,1.3,41.8,0.0,1.7,0,2025-06-30 14:28:07
166,2022,1,15,2022-01-15,dry,-1.0,-5.3,1.8,48.3,0.0,1.9,0,2025-06-30 14:28:08
167,2022,1,16,2022-01-16,dry,-2.0,-7.2,2.4,54.5,0.0,3.3,0,2025-06-30 14:28:09
168,2022,1,17,2022-01-17,dry,-5.8,-9.2,0.1,59.9,0.5,2.2,0,2025-06-30 14:28:10
169,2022,1,18,2022-01-18,dry,-5.6,-9.9,-0.7,47.9,0.0,2.3,0,2025-06-30 14:28:10
170,2022,1,19,2022-01-19,dry,-5.3,-7.7,-2.7,72.3,1.7,2.1,0,2025-06-30 14:28:11
171,2022,1,20,2022-01-20,dry,-5.0,-9.8,0.9,63.5,0.0,1.8,0,2025-06-30 14:28:12
172,2022,1,21,2022-01-21,dry,-2.7,-8.7,4.6,55.6,0.0,1.8,0,2025-06-30 14:28:13
173,2022,1,22,2022-01-22,dry,0.3,-5.0,7.1,52.4,0.0,1.7,0,2025-06-30 14:28:13
174,2022,1,23,2022-01-23,dry,2.0,-0.6,6.7,52.4,0.0,1.7,0,2025-06-30 14:28:14
175,2022,1,24,2022-01-24,dry,4.6,1.3,8.4,56.0,0.0,3.5,0,2025-06-30 14:28:15
176,2022,1,25,2022-01-25,dry,2.8,1.9,4.5,80.0,0.7,2.3,0,2025-06-30 14:28:16
177,2022,1,26,2022-01-26,dry,1.3,-1.9,6.8,62.8,0.0,2.2,0,2025-06-30 14:28:16
178,2022,1,27,2022-01-27,dry,-1.1,-4.6,4.0,50.0,0.0,2.1,0,2025-06-30 14:28:17
179,2022,1,28,2022-01-28,dry,-2.7,-5.9,2.1,51.6,0.0,2.8,0,2025-06-30 14:28:18
180,2022,1,29,2022-01-29,dry,-3.6,-7.2,0.9,48.9,0.0,2.4,0,2025-06-30 14:28:18
181,2022,1,30,2022-01-30,dry,-2.8,-8.0,2.4,45.4,0.0,2.2,0,2025-06-30 14:28:19
182,2022,1,31,2022-01-31,dry,-0.7,-6.8,4.8,59.0,1.2,1.9,0,2025-06-30 14:28:20
183,2022,2,1,2022-02-01,dry,-1.3,-2.7,0.9,76.6,1.7,2.6,0,2025-06-30 14:28:20
184,2022,2,2,2022-02-02,dry,-3.4,-6.0,0.0,60.5,0.0,2.4,0,2025-06-30 14:28:21
185,2022,2,3,2022-02-03,dry,-3.4,-6.9,0.4,52.4,0.0,2.4,0,2025-06-30 14:28:22
186,2022,2,4,2022-02-04,dry,-5.2,-8.2,-0.7,53.3,0.0,3.1,0,2025-06-30 14:28:22
187,2022,2,5,2022-02-05,dry,-6.6,-9.7,-2.0,48.8,0.0,3.1,0,2025-06-30 14:28:23
188,2022,2,6,2022-02-06,dry,-3.9,-8.4,1.7,50.3,0.0,2.5,0,2025-06-30 14:28:24
189,2022,2,7,2022-02-07,dry,-2.5,-7.3,1.9,51.3,0.0,1.8,0,2025-06-30 14:28:25
190,2022,2,8,2022-02-08,dry,-0.1,-4.1,5.6,53.8,0.0,1.9,0,2025-06-30 14:28:25
191,2022,2,9,2022-02-09,dry,1.0,-4.3,7.2,52.3,0.0,1.8,0,2025-06-30 14:28:26
192,2022,2,10,2022-02-10,dry,1.4,-3.2,6.7,57.8,0.0,2.3,0,2025-06-30 14:28:27
193,2022,2,11,2022-02-11,dry,2.9,-2.6,8.8,61.1,0.0,1.8,0,2025-06-30 14:28:27
194,2022,2,12,2022-02-12,dry,4.8,-0.1,10.4,50.4,0.0,1.7,0,2025-06-30 14:28:28
195,2022,2,13,2022-02-13,dry,4.8,1.6,9.5,44.9,0.0,1.8,0,2025-06-30 14:28:29
196,2022,2,14,2022-02-14,dry,2.5,-1.3,8.1,68.3,1.7,2.9,0,2025-06-30 14:28:30
197,2022,2,15,2022-02-15,dry,-4.7,-7.7,-1.3,58.0,0.0,3.8,0,2025-06-30 14:28:30
198,2022,2,16,2022-02-16,dry,-7.3,-9.6,-4.1,50.4,0.0,3.7,0,2025-06-30 14:28:31
199,2022,2,17,2022-02-17,dry,-6.2,-10.7,-0.5,41.6,0.0,2.5,0,2025-06-30 14:28:32
200,2022,2,18,2022-02-18,dry,-1.2,-8.0,5.7,40.4,0.0,2.0,0,2025-06-30 14:28:32
201,2022,2,19,2022-02-19,dry,-1.7,-6.2,3.7,52.9,0.1,2.9,0,2025-06-30 14:28:33
202,2022,2,20,2022-02-20,dry,-4.8,-8.4,-0.5,41.1,0.0,4.1,0,2025-06-30 14:28:34
203,2022,2,21,2022-02-21,dry,-3.0,-8.1,3.6,56.3,0.1,2.9,0,2025-06-30 14:28:35
204,2022,2,22,2022-02-22,dry,-4.5,-8.0,0.5,43.3,0.0,3.2,0,2025-06-30 14:28:35
205,2022,2,23,2022-02-23,dry,-5.6,-10.0,-0.6,38.5,0.0,2.6,0,2025-06-30 14:28:36
206,2022,2,24,2022-02-24,dry,-2.4,-8.5,3.7,52.4,0.0,2.2,0,2025-06-30 14:28:37
207,2022,2,25,2022-02-25,dry,3.0,-3.6,8.4,77.5,0.0,2.3,0,2025-06-30 14:28:38
208,2022,2,26,2022-02-26,dry,5.4,1.0,9.3,78.4,1.1,3.9,0,2025-06-30 14:28:38
209,2022,2,27,2022-02-27,dry,3.7,-1.6,9.1,56.6,0.0,2.8,0,2025-06-30 14:28:39
210,2022,2,28,2022-02-28,dry,6.8,2.7,11.5,62.3,0.0,1.5,0,2025-06-30 14:28:40
211,2022,11,1,2022-11-01,dry,13.1,9.4,17.8,73.5,0.0,1.8,0,2025-06-30 14:28:40
212,2022,11,2,2022-11-02,dry,11.1,5.5,17.9,57.1,0.0,1.7,0,2025-06-30 14:28:41
213,2022,11,3,2022-11-03,dry,9.3,5.6,13.4,58.1,0.0,2.0,0,2025-06-30 14:28:42
214,2022,11,4,2022-11-04,dry,4.9,1.6,9.8,41.8,0.0,2.9,0,2025-06-30 14:28:43
215,2022,11,5,2022-11-05,dry,6.5,0.8,13.6,51.3,0.0,1.7,0,2025-06-30 14:28:43
216,2022,11,6,2022-11-06,dry,9.6,3.7,16.4,60.5,0.0,1.8,0,2025-06-30 14:28:44
217,2022,11,7,2022-11-07,dry,11.4,6.1,16.6,64.5,0.0,1.7,0,2025-06-30 14:28:45
218,2022,11,8,2022-11-08,dry,12.9,9.7,17.9,68.3,0.0,1.5,0,2025-06-30 14:28:45
219,2022,11,9,2022-11-09,dry,11.4,6.7,16.0,76.0,0.0,1.5,0,2025-06-30 14:28:46
220,2022,11,10,2022-11-10,dry,13.5,8.8,19.1,74.5,0.0,1.3,0,2025-06-30 14:28:47
221,2022,11,11,2022-11-11,dry,15.6,10.9,22.1,62.5,0.0,1.8,0,2025-06-30 14:28:47
222,2022,11,12,2022-11-12,dry,16.3,11.6,22.0,80.0,57.9,2.2,1,2025-06-30 14:28:48
223,2022,11,13,2022-11-13,dry,10.3,8.7,17.3,85.6,0.0,2.6,0,2025-06-30 14:28:49
224,2022,11,14,2022-11-14,dry,9.7,5.9,13.8,74.8,0.0,2.3,0,2025-06-30 14:28:49
225,2022,11,15,2022-11-15,dry,8.1,4.0,12.3,77.4,1.6,2.0,0,2025-06-30 14:28:50
226,2022,11,16,2022-11-16,dry,8.5,5.5,13.0,71.3,0.0,1.7,0,2025-06-30 14:28:51
227,2022,11,17,2022-11-17,dry,10.2,5.4,16.6,64.6,0.0,1.6,0,2025-06-30 14:28:52
228,2022,11,18,2022-11-18,dry,11.0,5.3,18.1,69.6,0.0,1.6,0,2025-06-30 14:28:52
229,2022,11,19,2022-11-19,dry,12.9,8.7,19.2,55.8,0.0,2.3,0,2025-06-30 14:28:53
230,2022,11,20,2022-11-20,dry,13.7,9.5,20.2,58.3,0.0,1.7,0,2025-06-30 14:28:54
231,2022,11,21,2022-11-21,dry,11.8,9.3,16.2,70.5,0.0,1.6,0,2025-06-30 14:28:54
232,2022,11,22,2022-11-22,dry,10.7,7.0,13.7,69.9,0.0,1.9,0,2025-06-30 14:28:55
233,2022,11,23,2022-11-23,dry,10.8,6.8,15.2,56.0,0.0,2.1,0,2025-06-30 14:28:56
234,2022,11,24,2022-11-24,dry,9.4,5.9,14.1,65.6,0.0,1.5,0,2025-06-30 14:28:57
235,2022,11,25,2022-11-25,dry,12.3,7.1,17.8,67.1,1.7,3.0,0,2025-06-30 14:28:57
236,2022,11,26,2022-11-26,dry,6.7,1.0,12.9,52.4,0.0,3.0,0,2025-06-30 14:28:58
237,2022,11,27,2022-11-27,dry,5.4,-1.1,11.5,43.1,0.0,2.4,0,2025-06-30 14:28:59
238,2022,11,28,2022-11-28,dry,12.3,7.5,15.0,65.5,19.5,2.7,0,2025-06-30 14:28:59
239,2022,11,29,2022-11-29,dry,6.9,-1.6,15.0,67.0,3.8,3.5,0,2025-06-30 14:29:00
240,2022,11,30,2022-11-30,dry,-5.4,-8.1,-1.6,49.1,0.0,3.9,0,2025-06-30 14:29:01
241,2022,12,1,2022-12-01,dry,-5.4,-9.4,-1.2,43.4,0.0,2.4,0,2025-06-30 14:29:02
242,2022,12,2,2022-12-02,dry,-2.5,-7.6,3.0,42.0,0.0,1.7,0,2025-06-30 14:29:03
243,2022,12,3,2022-12-03,dry,2.1,-0.3,7.0,70.5,1.1,2.6,0,2025-06-30 14:29:03
244,2022,12,4,2022-12-04,dry,-3.5,-5.2,-0.2,38.9,0.0,2.8,0,2025-06-30 14:29:04
245,2022,12,5,2022-12-05,dry,-3.1,-7.0,1.9,41.9,0.0,2.4,0,2025-06-30 14:29:05
246,2022,12,6,2022-12-06,dry,0.9,-3.9,5.3,62.8,0.1,2.4,0,2025-06-30 14:29:05
247,2022,12,7,2022-12-07,dry,4.9,1.2,9.0,60.4,0.1,2.7,0,2025-06-30 14:29:06
248,2022,12,8,2022-12-08,dry,3.7,0.1,9.1,57.5,0.0,1.4,0,2025-06-30 14:29:07
249,2022,12,9,2022-12-09,dry,4.5,0.9,10.2,60.8,0.0,2.0,0,2025-06-30 14:29:08
250,2022,12,10,2022-12-10,dry,2.6,-0.6,6.7,46.5,0.0,1.3,0,2025-06-30 14:29:08
251,2022,12,11,2022-12-11,dry,1.6,-1.5,6.8,52.5,0.0,1.8,0,2025-06-30 14:29:09
252,2022,12,12,2022-12-12,dry,2.0,-2.0,6.3,73.4,5.4,1.7,0,2025-06-30 14:29:10
253,2022,12,13,2022-12-13,dry,0.0,-6.4,3.1,70.8,0.6,3.5,0,2025-06-30 14:29:10
254,2022,12,14,2022-12-14,dry,-8.4,-11.0,-4.9,50.1,0.0,3.2,0,2025-06-30 14:29:11
255,2022,12,15,2022-12-15,dry,-4.5,-8.5,-1.3,79.1,2.4,2.5,0,2025-06-30 14:29:12
256,2022,12,16,2022-12-16,dry,-6.3,-9.6,-2.2,56.9,0.0,2.0,0,2025-06-30 14:29:13
257,2022,12,17,2022-12-17,dry,-7.0,-9.8,-3.2,52.0,0.2,2.7,0,2025-06-30 14:29:13
258,2022,12,18,2022-12-18,dry,-9.5,-12.4,-5.6,47.1,0.0,2.6,0,2025-06-30 14:29:14
259,2022,12,19,2022-12-19,dry,-7.0,-12.0,-2.5,55.6,0.0,1.7,0,2025-06-30 14:29:15
260,2022,12,20,2022-12-20,dry,-3.2,-9.5,2.9,55.8,0.0,2.2,0,2025-06-30 14:29:15
261,2022,12,21,2022-12-21,dry,-0.1,-2.6,2.6,82.4,3.6,2.7,0,2025-06-30 14:29:16
262,2022,12,22,2022-12-22,dry,-7.8,-11.3,-2.6,60.5,0.0,4.4,0,2025-06-30 14:29:17
263,2022,12,23,2022-12-23,dry,-11.8,-13.7,-8.6,60.5,0.0,4.3,0,2025-06-30 14:29:17
264,2022,12,24,2022-12-24,dry,-8.4,-13.5,-2.0,54.9,0.0,1.8,0,2025-06-30 14:29:18
265,2022,12,25,2022-12-25,dry,-5.4,-9.6,0.2,66.5,0.0,1.7,0,2025-06-30 14:29:19
266,2022,12,26,2022-12-26,dry,-3.9,-7.9,1.7,68.4,0.0,1.4,0,2025-06-30 14:29:20
267,2022,12,27,2022-12-27,dry,-2.6,-7.3,3.3,69.8,0.0,1.8,0,2025-06-30 14:29:20
268,2022,12,28,2022-12-28,dry,-3.3,-6.0,0.1,58.1,0.1,2.5,0,2025-06-30 14:29:21
269,2022,12,29,2022-12-29,dry,-2.9,-7.8,2.1,56.3,0.0,1.7,0,2025-06-30 14:29:22
270,2022,12,30,2022-12-30,dry,-1.8,-4.4,2.3,65.6,0.0,1.9,0,2025-06-30 14:29:23
271,2022,12,31,2022-12-31,dry,-1.2,-5.1,2.1,65.5,0.0,1.4,0,2025-06-30 14:29:23
422,2023,1,1,2023-01-01,dry,-0.2,-4.3,3.8,55.0,0.0,2.7,0,2025-06-30 14:31:50
423,2023,1,2,2023-01-02,dry,-4.5,-7.4,-0.4,46.0,0.0,2.5,0,2025-06-30 14:31:51
424,2023,1,3,2023-01-03,dry,-5.0,-9.0,0.6,49.0,0.0,1.8,0,2025-06-30 14:31:52
425,2023,1,4,2023-01-04,dry,-1.8,-5.7,3.3,51.0,0.0,1.9,0,2025-06-30 14:31:52
426,2023,1,5,2023-01-05,dry,-1.6,-5.6,3.6,58.1,0.0,1.6,0,2025-06-30 14:31:53
427,2023,1,6,2023-01-06,dry,0.6,-4.7,5.7,71.9,3.9,2.2,0,2025-06-30 14:31:54
428,2023,1,7,2023-01-07,dry,1.5,-1.4,3.8,80.9,0.1,2.2,0,2025-06-30 14:31:54
429,2023,1,8,2023-01-08,dry,1.3,-3.7,6.3,69.3,0.0,1.7,0,2025-06-30 14:31:55
430,2023,1,9,2023-01-09,dry,3.1,-1.3,7.0,60.1,0.0,2.3,0,2025-06-30 14:31:56
431,2023,1,10,2023-01-10,dry,1.6,-3.9,9.1,59.9,0.0,1.5,0,2025-06-30 14:31:57
432,2023,1,11,2023-01-11,dry,2.6,-2.0,9.2,61.9,0.0,1.6,0,2025-06-30 14:31:57
433,2023,1,12,2023-01-12,dry,5.9,-0.6,12.5,46.6,0.0,2.2,0,2025-06-30 14:31:58
434,2023,1,13,2023-01-13,dry,8.3,5.1,10.1,99.1,37.3,2.5,0,2025-06-30 14:31:59
435,2023,1,14,2023-01-14,dry,6.6,3.8,8.4,92.9,1.6,2.5,0,2025-06-30 14:32:00
436,2023,1,15,2023-01-15,dry,-0.2,-3.5,3.8,93.9,3.2,2.8,0,2025-06-30 14:32:01
437,2023,1,16,2023-01-16,dry,-4.6,-6.8,-1.2,63.1,0.0,2.7,0,2025-06-30 14:32:02
438,2023,1,17,2023-01-17,dry,-3.7,-7.0,-0.4,65.1,0.0,1.8,0,2025-06-30 14:32:03
439,2023,1,18,2023-01-18,dry,-1.9,-4.6,2.2,60.5,0.0,2.0,0,2025-06-30 14:32:04
440,2023,1,19,2023-01-19,dry,-0.4,-6.0,4.3,69.3,1.0,2.5,0,2025-06-30 14:32:04
441,2023,1,20,2023-01-20,dry,-3.3,-7.7,2.0,52.4,0.0,3.7,0,2025-06-30 14:32:05
442,2023,1,21,2023-01-21,dry,-4.5,-10.5,1.5,55.4,0.0,1.8,0,2025-06-30 14:32:06
443,2023,1,22,2023-01-22,dry,-0.6,-2.8,2.6,62.8,0.0,2.6,0,2025-06-30 14:32:07
444,2023,1,23,2023-01-23,dry,-0.8,-6.9,4.6,66.6,0.0,2.7,0,2025-06-30 14:32:07
445,2023,1,24,2023-01-24,dry,-14.7,-17.0,-6.9,51.9,0.0,4.6,0,2025-06-30 14:32:08
446,2023,1,25,2023-01-25,dry,-11.3,-17.3,-5.4,45.1,0.0,2.1,0,2025-06-30 14:32:09
447,2023,1,26,2023-01-26,dry,-6.0,-9.0,-3.5,80.1,0.8,2.5,0,2025-06-30 14:32:10
448,2023,1,27,2023-01-27,dry,-7.3,-9.6,-3.8,56.5,0.0,3.5,0,2025-06-30 14:32:10
449,2023,1,28,2023-01-28,dry,-6.0,-11.2,-0.6,54.9,0.0,2.4,0,2025-06-30 14:32:11
450,2023,1,29,2023-01-29,dry,-1.8,-8.0,4.9,58.3,0.0,2.6,0,2025-06-30 14:32:12
451,2023,1,30,2023-01-30,dry,-0.9,-4.4,4.2,55.9,0.0,2.1,0,2025-06-30 14:32:12
452,2023,1,31,2023-01-31,dry,2.4,-3.5,7.8,69.1,0.0,2.7,0,2025-06-30 14:32:13
453,2023,2,1,2023-02-01,dry,0.9,-3.0,6.0,68.4,0.0,3.2,0,2025-06-30 14:32:14
454,2023,2,2,2023-02-02,dry,-2.4,-5.1,1.4,50.3,0.0,2.5,0,2025-06-30 14:32:14
455,2023,2,3,2023-02-03,dry,-1.6,-3.9,3.4,47.4,0.0,2.2,0,2025-06-30 14:32:15
456,2023,2,4,2023-02-04,dry,-0.2,-5.2,6.0,49.8,0.0,2.0,0,2025-06-30 14:32:16
457,2023,2,5,2023-02-05,dry,1.7,-3.3,7.1,71.0,0.0,1.8,0,2025-06-30 14:32:17
458,2023,2,6,2023-02-06,dry,3.0,-1.7,8.8,72.3,0.0,1.6,0,2025-06-30 14:32:17
459,2023,2,7,2023-02-07,dry,3.5,-0.6,9.5,72.9,0.0,1.5,0,2025-06-30 14:32:18
460,2023,2,8,2023-02-08,dry,2.1,-1.3,7.8,62.1,0.0,2.5,0,2025-06-30 14:32:19
461,2023,2,9,2023-02-09,dry,4.0,-2.8,9.9,49.9,0.0,2.5,0,2025-06-30 14:32:19
462,2023,2,10,2023-02-10,dry,3.8,1.1,6.2,79.6,0.6,2.2,0,2025-06-30 14:32:20
463,2023,2,11,2023-02-11,dry,2.8,-1.2,8.5,73.0,0.0,1.8,0,2025-06-30 14:32:21
464,2023,2,12,2023-02-12,dry,3.7,-0.9,7.6,70.0,0.0,1.8,0,2025-06-30 14:32:21
465,2023,2,13,2023-02-13,dry,5.9,2.7,8.4,66.5,0.0,2.3,0,2025-06-30 14:32:22
466,2023,2,14,2023-02-14,dry,1.7,-2.5,6.6,54.9,0.0,2.7,0,2025-06-30 14:32:23
467,2023,2,15,2023-02-15,dry,3.2,-1.2,8.9,46.4,0.0,2.5,0,2025-06-30 14:32:24
468,2023,2,16,2023-02-16,dry,2.3,-0.7,4.5,68.3,0.0,2.7,0,2025-06-30 14:32:24
469,2023,2,17,2023-02-17,dry,3.4,-1.5,9.8,67.8,0.0,1.8,0,2025-06-30 14:32:25
470,2023,2,18,2023-02-18,dry,5.7,3.0,8.1,58.3,0.0,1.5,0,2025-06-30 14:32:26
471,2023,2,19,2023-02-19,dry,3.5,0.2,6.1,56.1,0.4,3.3,0,2025-06-30 14:32:26
472,2023,2,20,2023-02-20,dry,-0.5,-3.5,2.4,46.4,0.0,3.3,0,2025-06-30 14:32:27
473,2023,2,21,2023-02-21,dry,-1.3,-5.3,4.8,42.4,0.0,2.1,0,2025-06-30 14:32:28
474,2023,2,22,2023-02-22,dry,1.2,-4.5,8.4,50.6,0.0,2.2,0,2025-06-30 14:32:29
475,2023,2,23,2023-02-23,dry,2.9,-1.8,9.2,65.5,0.0,1.9,0,2025-06-30 14:32:30
476,2023,2,24,2023-02-24,dry,3.5,-0.4,8.5,57.9,0.0,3.0,0,2025-06-30 14:32:30
477,2023,2,25,2023-02-25,dry,0.7,-2.9,5.7,44.0,0.0,2.9,0,2025-06-30 14:32:31
478,2023,2,26,2023-02-26,dry,2.2,-3.4,9.4,46.6,0.0,2.1,0,2025-06-30 14:32:32
479,2023,2,27,2023-02-27,dry,4.4,-1.8,12.4,47.4,0.0,1.9,0,2025-06-30 14:32:33
480,2023,2,28,2023-02-28,dry,4.3,-0.7,8.7,63.4,0.0,2.0,0,2025-06-30 14:32:33
481,2023,11,1,2023-11-01,dry,19.0,17.2,20.6,81.8,0.0,2.4,0,2025-06-30 14:32:34
482,2023,11,2,2023-11-02,dry,20.8,18.7,25.9,70.9,0.0,2.9,0,2025-06-30 14:32:35
483,2023,11,3,2023-11-03,dry,19.5,17.7,22.4,83.3,8.5,2.8,0,2025-06-30 14:32:36
484,2023,11,4,2023-11-04,dry,17.4,14.1,20.9,75.5,0.0,2.6,0,2025-06-30 14:32:36
485,2023,11,5,2023-11-05,dry,17.3,15.1,20.4,87.0,10.4,3.3,0,2025-06-30 14:32:37
486,2023,11,6,2023-11-06,dry,13.3,6.6,19.3,84.9,45.8,4.9,0,2025-06-30 14:32:38
487,2023,11,7,2023-11-07,dry,5.8,3.6,9.9,62.5,0.0,3.2,0,2025-06-30 14:32:38
488,2023,11,8,2023-11-08,dry,8.4,1.8,16.1,55.1,0.0,1.7,0,2025-06-30 14:32:39
489,2023,11,9,2023-11-09,dry,11.4,5.9,18.4,73.1,5.1,2.1,0,2025-06-30 14:32:40
490,2023,11,10,2023-11-10,dry,3.4,0.5,9.1,53.1,0.0,3.9,0,2025-06-30 14:32:41
491,2023,11,11,2023-11-11,dry,1.7,-1.9,6.7,47.9,0.0,2.2,0,2025-06-30 14:32:41
492,2023,11,12,2023-11-12,dry,1.2,-2.0,5.7,53.8,0.0,2.2,0,2025-06-30 14:32:42
493,2023,11,13,2023-11-13,dry,2.0,-2.2,6.7,54.0,0.0,2.3,0,2025-06-30 14:32:43
494,2023,11,14,2023-11-14,dry,5.0,-0.8,10.8,66.1,0.0,1.7,0,2025-06-30 14:32:43
495,2023,11,15,2023-11-15,dry,7.0,2.0,12.5,71.4,0.0,1.5,0,2025-06-30 14:32:44
496,2023,11,16,2023-11-16,dry,6.6,5.7,7.4,85.0,8.4,1.9,0,2025-06-30 14:32:45
497,2023,11,17,2023-11-17,dry,1.6,-1.9,5.9,59.3,0.0,2.9,0,2025-06-30 14:32:45
498,2023,11,18,2023-11-18,dry,0.6,-3.8,5.7,58.9,0.0,3.5,0,2025-06-30 14:32:46
499,2023,11,19,2023-11-19,dry,5.9,-0.3,13.4,68.3,0.0,2.4,0,2025-06-30 14:32:47
500,2023,11,20,2023-11-20,dry,6.2,1.8,12.8,58.4,0.0,1.5,0,2025-06-30 14:32:47
501,2023,11,21,2023-11-21,dry,7.4,1.4,14.8,59.6,0.0,1.7,0,2025-06-30 14:32:48
502,2023,11,22,2023-11-22,dry,9.5,2.9,15.1,68.1,0.0,1.8,0,2025-06-30 14:32:49
503,2023,11,23,2023-11-23,dry,9.9,1.9,14.6,71.1,0.1,3.3,0,2025-06-30 14:32:50
504,2023,11,24,2023-11-24,dry,-1.5,-4.4,2.2,51.8,0.0,3.8,0,2025-06-30 14:32:50
505,2023,11,25,2023-11-25,dry,-1.3,-5.9,4.0,42.8,0.0,1.8,0,2025-06-30 14:32:51
506,2023,11,26,2023-11-26,dry,4.0,-0.1,7.2,43.6,0.0,1.4,0,2025-06-30 14:32:52
507,2023,11,27,2023-11-27,dry,6.2,4.4,9.3,82.9,3.6,2.4,0,2025-06-30 14:32:53
508,2023,11,28,2023-11-28,dry,1.3,-1.2,5.2,58.0,0.0,3.3,0,2025-06-30 14:32:53
509,2023,11,29,2023-11-29,dry,-1.4,-4.0,3.0,59.0,0.0,2.6,0,2025-06-30 14:32:54
510,2023,11,30,2023-11-30,dry,-4.3,-7.3,-0.5,48.5,0.0,2.8,0,2025-06-30 14:32:55
511,2023,12,1,2023-12-01,dry,-3.2,-6.8,0.7,55.3,0.0,2.0,0,2025-06-30 14:32:55
512,2023,12,2,2023-12-02,dry,2.0,-4.4,8.0,60.8,0.0,2.4,0,2025-06-30 14:32:56
513,2023,12,3,2023-12-03,dry,0.8,-2.8,6.0,56.3,0.0,1.7,0,2025-06-30 14:32:57
514,2023,12,4,2023-12-04,dry,2.7,-3.0,9.4,59.5,0.0,1.6,0,2025-06-30 14:32:58
515,2023,12,5,2023-12-05,dry,6.8,3.8,12.6,55.4,0.0,2.0,0,2025-06-30 14:32:58
516,2023,12,6,2023-12-06,dry,6.1,3.9,8.7,76.1,3.8,2.3,0,2025-06-30 14:32:59
517,2023,12,7,2023-12-07,dry,6.6,0.8,11.4,64.0,0.0,2.6,0,2025-06-30 14:33:00
518,2023,12,8,2023-12-08,dry,11.2,5.1,16.8,73.4,0.0,3.0,0,2025-06-30 14:33:00
519,2023,12,9,2023-12-09,dry,13.7,11.7,16.2,82.9,0.0,2.0,0,2025-06-30 14:33:01
520,2023,12,10,2023-12-10,dry,11.4,6.7,15.5,67.9,0.0,,0,2025-06-30 14:33:02
521,2023,12,11,2023-12-11,dry,8.9,5.0,12.3,82.9,11.4,,0,2025-06-30 14:33:03
522,2023,12,12,2023-12-12,dry,5.4,3.5,9.3,75.6,0.4,2.7,0,2025-06-30 14:33:03
523,2023,12,13,2023-12-13,dry,6.8,2.6,10.3,74.1,0.0,2.4,0,2025-06-30 14:33:04
524,2023,12,14,2023-12-14,dry,7.6,6.2,9.1,85.8,17.0,4.5,0,2025-06-30 14:33:05
525,2023,12,15,2023-12-15,dry,4.9,3.7,6.2,95.4,31.1,3.6,0,2025-06-30 14:33:05
526,2023,12,16,2023-12-16,dry,-4.1,-9.9,3.8,68.9,1.5,5.2,0,2025-06-30 14:33:06
527,2023,12,17,2023-12-17,dry,-9.8,-12.4,-6.4,48.9,0.0,3.2,0,2025-06-30 14:33:07
528,2023,12,18,2023-12-18,dry,-7.7,-12.2,-3.6,45.1,0.0,2.2,0,2025-06-30 14:33:07
529,2023,12,19,2023-12-19,dry,-3.7,-8.2,0.2,63.1,0.3,1.9,0,2025-06-30 14:33:08
530,2023,12,20,2023-12-20,dry,-7.4,-11.9,-2.1,64.1,0.8,3.4,0,2025-06-30 14:33:09
531,2023,12,21,2023-12-21,dry,-11.7,-14.4,-8.0,57.4,0.0,3.0,0,2025-06-30 14:33:10
532,2023,12,22,2023-12-22,dry,-11.6,-14.7,-8.0,51.8,0.0,2.7,0,2025-06-30 14:33:10
533,2023,12,23,2023-12-23,dry,-6.8,-12.7,-0.9,53.4,0.0,1.8,0,2025-06-30 14:33:11
534,2023,12,24,2023-12-24,dry,-2.2,-5.6,3.0,73.4,1.1,1.6,0,2025-06-30 14:33:12
535,2023,12,25,2023-12-25,dry,-0.7,-2.7,2.1,80.8,0.7,1.5,0,2025-06-30 14:33:12
536,2023,12,26,2023-12-26,dry,1.9,-2.6,7.2,72.9,0.0,1.8,0,2025-06-30 14:33:13
537,2023,12,27,2023-12-27,dry,1.5,-2.8,6.8,76.6,0.0,1.4,0,2025-06-30 14:33:14
538,2023,12,28,2023-12-28,dry,1.2,-1.7,4.4,69.5,0.0,1.6,0,2025-06-30 14:33:15
539,2023,12,29,2023-12-29,dry,1.3,-1.5,4.6,71.0,0.0,1.7,0,2025-06-30 14:33:15
540,2023,12,30,2023-12-30,dry,0.6,-0.9,2.1,92.0,13.1,2.6,0,2025-06-30 14:33:16
541,2023,12,31,2023-12-31,dry,2.1,0.6,4.3,95.5,4.7,2.0,0,2025-06-30 14:33:17
695,2024,1,1,2024-01-01,dry,3.3,-0.3,7.3,83.4,0.0,1.7,0,2025-06-30 14:35:09
696,2024,1,2,2024-01-02,dry,2.9,2.2,4.3,72.6,0.0,1.6,0,2025-06-30 14:35:10
697,2024,1,3,2024-01-03,dry,1.8,-1.1,4.0,80.4,0.6,1.6,0,2025-06-30 14:35:11
698,2024,1,4,2024-01-04,dry,1.4,-3.3,4.7,74.3,0.0,1.9,0,2025-06-30 14:35:12
699,2024,1,5,2024-01-05,dry,5.0,1.4,9.1,77.1,0.0,2.3,0,2025-06-30 14:35:12
700,2024,1,6,2024-01-06,dry,0.7,-2.7,5.2,63.9,2.4,2.2,0,2025-06-30 14:35:13
701,2024,1,7,2024-01-07,dry,-4.4,-8.3,-0.9,57.4,0.0,3.1,0,2025-06-30 14:35:14
702,2024,1,8,2024-01-08,dry,-4.7,-10.3,0.0,57.8,0.0,1.8,0,2025-06-30 14:35:15
703,2024,1,9,2024-01-09,dry,-0.6,-1.9,0.4,84.0,1.6,2.0,0,2025-06-30 14:35:15
704,2024,1,10,2024-01-10,dry,-1.0,-4.1,3.3,85.9,0.0,1.7,0,2025-06-30 14:35:16
705,2024,1,11,2024-01-11,dry,1.7,-2.4,4.5,80.6,0.0,1.9,0,2025-06-30 14:35:17
706,2024,1,12,2024-01-12,dry,0.9,-1.4,4.2,61.6,0.0,2.3,0,2025-06-30 14:35:18
707,2024,1,13,2024-01-13,dry,0.4,-3.8,6.4,44.3,0.0,1.4,0,2025-06-30 14:35:18
708,2024,1,14,2024-01-14,dry,-0.6,-3.3,2.4,74.5,3.1,2.1,0,2025-06-30 14:35:19
709,2024,1,15,2024-01-15,dry,-3.7,-6.9,0.9,51.3,0.0,2.5,0,2025-06-30 14:35:20
710,2024,1,16,2024-01-16,dry,-2.1,-7.2,4.3,49.8,0.0,1.5,0,2025-06-30 14:35:20
711,2024,1,17,2024-01-17,dry,0.6,-2.3,1.9,78.5,9.7,2.0,0,2025-06-30 14:35:21
712,2024,1,18,2024-01-18,dry,4.5,1.4,9.4,81.5,0.5,2.4,0,2025-06-30 14:35:22
713,2024,1,19,2024-01-19,dry,5.4,4.0,9.0,65.4,0.0,4.5,0,2025-06-30 14:35:23
714,2024,1,20,2024-01-20,dry,3.4,1.9,4.9,69.5,0.4,5.3,0,2025-06-30 14:35:23
715,2024,1,21,2024-01-21,dry,1.7,-2.4,4.3,75.8,0.4,2.5,0,2025-06-30 14:35:24
716,2024,1,22,2024-01-22,dry,-8.7,-11.9,-2.4,65.6,0.2,4.1,0,2025-06-30 14:35:25
717,2024,1,23,2024-01-23,dry,-11.7,-14.0,-8.2,53.6,0.0,3.9,0,2025-06-30 14:35:25
718,2024,1,24,2024-01-24,dry,-8.0,-11.2,-3.7,52.0,0.0,3.3,0,2025-06-30 14:35:26
719,2024,1,25,2024-01-25,dry,-5.3,-9.7,-0.5,47.8,0.0,2.1,0,2025-06-30 14:35:27
720,2024,1,26,2024-01-26,dry,-1.7,-6.9,4.0,62.5,0.0,1.9,0,2025-06-30 14:35:27
721,2024,1,27,2024-01-27,dry,-0.5,-4.6,4.6,70.0,0.0,1.8,0,2025-06-30 14:35:28
722,2024,1,28,2024-01-28,dry,-1.5,-5.0,3.8,62.3,0.0,1.9,0,2025-06-30 14:35:29
723,2024,1,29,2024-01-29,dry,-0.4,-4.8,4.6,66.6,0.0,1.7,0,2025-06-30 14:35:30
724,2024,1,30,2024-01-30,dry,1.4,-4.0,8.1,59.3,0.0,1.4,0,2025-06-30 14:35:30
725,2024,1,31,2024-01-31,dry,4.7,0.7,10.6,54.1,0.0,1.9,0,2025-06-30 14:35:31
726,2024,2,1,2024-02-01,dry,2.4,-1.3,8.2,64.9,0.0,2.1,0,2025-06-30 14:35:32
727,2024,2,2,2024-02-02,dry,3.1,0.7,7.9,65.5,0.0,2.1,0,2025-06-30 14:35:32
728,2024,2,3,2024-02-03,dry,4.7,-0.2,8.3,63.9,0.0,2.2,0,2025-06-30 14:35:33
729,2024,2,4,2024-02-04,dry,7.3,3.7,12.2,60.9,0.0,1.8,0,2025-06-30 14:35:34
730,2024,2,5,2024-02-05,dry,2.7,0.1,6.6,81.8,3.9,5.0,0,2025-06-30 14:35:35
731,2024,2,6,2024-02-06,dry,1.2,0.0,2.9,83.5,0.2,2.2,0,2025-06-30 14:35:35
732,2024,2,7,2024-02-07,dry,0.6,-0.9,2.7,76.6,0.0,2.1,0,2025-06-30 14:35:36
733,2024,2,8,2024-02-08,dry,0.6,-3.0,6.2,66.9,0.0,1.6,0,2025-06-30 14:35:37
734,2024,2,9,2024-02-09,dry,1.1,-2.5,6.1,66.8,0.0,2.2,0,2025-06-30 14:35:37
735,2024,2,10,2024-02-10,dry,1.7,-1.5,7.4,69.4,0.0,1.9,0,2025-06-30 14:35:38
736,2024,2,11,2024-02-11,dry,1.0,-3.1,5.5,70.6,0.0,2.2,0,2025-06-30 14:35:39
737,2024,2,12,2024-02-12,dry,3.5,-2.9,10.5,62.8,0.0,1.8,0,2025-06-30 14:35:39
738,2024,2,13,2024-02-13,dry,8.2,2.0,13.7,70.6,0.0,2.5,0,2025-06-30 14:35:40
739,2024,2,14,2024-02-14,dry,12.9,8.8,18.3,76.4,0.0,2.2,0,2025-06-30 14:35:41
740,2024,2,15,2024-02-15,dry,4.5,0.6,11.6,89.9,10.9,2.9,0,2025-06-30 14:35:42
741,2024,2,16,2024-02-16,dry,2.3,-1.5,8.1,72.4,0.0,1.8,0,2025-06-30 14:35:42
742,2024,2,17,2024-02-17,dry,4.4,-1.2,11.7,73.5,0.0,1.7,0,2025-06-30 14:35:43
743,2024,2,18,2024-02-18,dry,6.2,1.2,9.4,81.4,17.1,2.8,0,2025-06-30 14:35:44
744,2024,2,19,2024-02-19,dry,9.1,4.2,11.9,95.8,8.9,2.3,0,2025-06-30 14:35:45
745,2024,2,20,2024-02-20,dry,4.3,2.8,6.8,86.3,2.6,3.4,0,2025-06-30 14:35:45
746,2024,2,22,2024-02-22,dry,0.2,-1.1,1.6,84.5,8.8,4.2,0,2025-06-30 14:35:57
747,2024,2,23,2024-02-23,dry,1.8,-1.0,6.1,68.8,0.4,3.5,0,2025-06-30 14:35:57
748,2024,2,24,2024-02-24,dry,2.0,-1.3,5.9,68.6,2.3,2.9,0,2025-06-30 14:35:58
749,2024,2,25,2024-02-25,dry,2.8,0.8,5.9,80.8,1.8,2.0,0,2025-06-30 14:35:59
750,2024,2,26,2024-02-26,dry,3.8,-1.2,9.7,65.3,0.0,1.9,0,2025-06-30 14:35:59
751,2024,2,27,2024-02-27,dry,5.3,1.2,9.8,52.0,0.0,3.0,0,2025-06-30 14:36:00
752,2024,2,28,2024-02-28,dry,6.4,3.2,10.1,59.5,0.0,2.1,0,2025-06-30 14:36:01
753,2024,2,29,2024-02-29,dry,4.8,0.3,9.6,63.6,0.0,2.2,0,2025-06-30 14:36:02
754,2024,11,1,2024-11-01,dry,15.3,12.9,18.7,70.8,0.0,1.4,0,2025-06-30 14:36:02
755,2024,11,2,2024-11-02,dry,18.1,13.0,25.1,58.9,0.0,1.9,0,2025-06-30 14:36:03
756,2024,11,3,2024-11-03,dry,17.6,13.0,23.5,71.1,0.0,2.4,0,2025-06-30 14:36:04
757,2024,11,4,2024-11-04,dry,14.8,8.9,18.3,62.0,0.1,2.9,0,2025-06-30 14:36:05
758,2024,11,5,2024-11-05,dry,9.1,5.6,14.7,49.8,0.0,2.1,0,2025-06-30 14:36:05
759,2024,11,6,2024-11-06,dry,7.5,4.1,12.5,46.1,0.0,2.5,0,2025-06-30 14:36:06
760,2024,11,7,2024-11-07,dry,7.8,1.6,15.7,48.1,0.0,1.5,0,2025-06-30 14:36:07
761,2024,11,8,2024-11-08,dry,10.2,3.1,18.1,50.8,0.0,1.5,0,2025-06-30 14:36:07
762,2024,11,9,2024-11-09,dry,12.9,6.8,20.3,55.8,0.0,1.4,0,2025-06-30 14:36:08
763,2024,11,10,2024-11-10,dry,14.4,10.3,21.0,64.0,0.0,1.8,0,2025-06-30 14:36:09
764,2024,11,11,2024-11-11,dry,14.6,9.7,21.8,64.5,0.0,1.2,0,2025-06-30 14:36:10
765,2024,11,12,2024-11-12,dry,14.3,11.0,19.2,66.8,0.0,2.2,0,2025-06-30 14:36:11
766,2024,11,13,2024-11-13,dry,14.2,8.3,21.3,62.9,0.0,1.7,0,2025-06-30 14:36:11
767,2024,11,14,2024-11-14,dry,14.8,13.2,16.8,68.4,0.1,1.8,0,2025-06-30 14:36:12
768,2024,11,15,2024-11-15,dry,17.0,13.7,21.5,65.1,0.0,1.8,0,2025-06-30 14:36:13
769,2024,11,16,2024-11-16,dry,17.0,14.4,22.6,72.5,6.5,2.6,0,2025-06-30 14:36:13
770,2024,11,17,2024-11-17,dry,7.0,2.1,14.4,47.6,0.0,3.6,0,2025-06-30 14:36:15
771,2024,11,18,2024-11-18,dry,2.8,-0.7,7.9,30.9,0.0,2.3,0,2025-06-30 14:36:16
772,2024,11,19,2024-11-19,dry,5.7,0.3,11.3,49.5,0.0,2.0,0,2025-06-30 14:36:16
773,2024,11,20,2024-11-20,dry,6.5,2.4,9.6,65.8,0.0,1.3,0,2025-06-30 14:36:17
774,2024,11,21,2024-11-21,dry,9.7,6.0,14.1,71.9,0.0,2.2,0,2025-06-30 14:36:18
775,2024,11,22,2024-11-22,dry,6.2,3.3,10.6,48.0,0.0,2.2,0,2025-06-30 14:36:18
776,2024,11,23,2024-11-23,dry,6.4,1.5,12.6,47.1,0.0,1.7,0,2025-06-30 14:36:19
777,2024,11,24,2024-11-24,dry,7.4,2.6,14.2,58.4,0.0,1.6,0,2025-06-30 14:36:20
778,2024,11,25,2024-11-25,dry,10.1,3.6,15.4,57.6,0.0,2.5,0,2025-06-30 14:36:20
779,2024,11,26,2024-11-26,dry,5.8,1.0,12.7,86.4,26.0,3.4,0,2025-06-30 14:36:21
780,2024,11,27,2024-11-27,dry,-0.4,-1.3,1.2,90.6,22.4,1.4,0,2025-06-30 14:36:22
781,2024,11,28,2024-11-28,dry,0.8,-1.7,3.4,82.0,4.9,1.8,0,2025-06-30 14:36:23
782,2024,11,29,2024-11-29,dry,0.2,-3.4,3.4,76.3,0.0,1.5,0,2025-06-30 14:36:23
783,2024,11,30,2024-11-30,dry,2.5,-0.5,5.6,81.6,0.0,1.8,0,2025-06-30 14:36:24
784,2024,12,1,2024-12-01,dry,5.2,1.6,8.2,89.3,0.5,2.4,0,2025-06-30 14:36:25
785,2024,12,2,2024-12-02,dry,6.4,0.6,13.0,79.9,0.0,2.2,0,2025-06-30 14:36:26
786,2024,12,3,2024-12-03,dry,1.3,-2.4,5.2,48.6,0.0,2.4,0,2025-06-30 14:36:26
787,2024,12,4,2024-12-04,dry,3.1,-0.6,6.9,52.1,0.0,2.1,0,2025-06-30 14:36:27
788,2024,12,5,2024-12-05,dry,3.9,-0.1,8.8,62.8,1.8,2.3,0,2025-06-30 14:36:28
789,2024,12,6,2024-12-06,dry,2.1,-0.4,5.2,49.3,0.0,2.5,0,2025-06-30 14:36:28
790,2024,12,7,2024-12-07,dry,0.2,-2.5,4.6,56.9,0.0,2.5,0,2025-06-30 14:36:29
791,2024,12,8,2024-12-08,dry,-0.2,-3.9,4.1,46.5,0.0,2.2,0,2025-06-30 14:36:30
792,2024,12,9,2024-12-09,dry,1.0,-3.8,7.4,56.1,0.0,1.6,0,2025-06-30 14:36:30
793,2024,12,10,2024-12-10,dry,2.6,-1.9,6.9,58.9,0.0,1.9,0,2025-06-30 14:36:31
794,2024,12,11,2024-12-11,dry,3.0,0.2,8.2,50.3,0.0,1.6,0,2025-06-30 14:36:32
795,2024,12,12,2024-12-12,dry,0.5,-3.2,5.4,45.8,0.0,2.1,0,2025-06-30 14:36:32
796,2024,12,13,2024-12-13,dry,1.0,-1.5,4.5,42.1,0.0,2.2,0,2025-06-30 14:36:33
797,2024,12,14,2024-12-14,dry,-0.8,-3.6,2.5,51.0,0.0,2.2,0,2025-06-30 14:36:34
798,2024,12,15,2024-12-15,dry,1.2,-2.2,5.4,54.1,0.0,2.4,0,2025-06-30 14:36:35
799,2024,12,16,2024-12-16,dry,-0.2,-3.3,3.9,65.9,0.0,1.2,0,2025-06-30 14:36:35
800,2024,12,17,2024-12-17,dry,-0.8,-3.5,3.8,51.8,0.0,2.2,0,2025-06-30 14:36:36
801,2024,12,18,2024-12-18,dry,-3.4,-6.2,0.9,47.1,0.0,2.2,0,2025-06-30 14:36:37
802,2024,12,19,2024-12-19,dry,-1.4,-6.7,4.9,47.4,0.0,1.5,0,2025-06-30 14:36:37
803,2024,12,20,2024-12-20,dry,1.4,-2.1,5.3,60.9,0.4,2.0,0,2025-06-30 14:36:38
804,2024,12,21,2024-12-21,dry,-0.7,-4.7,1.9,74.1,2.9,2.8,0,2025-06-30 14:36:39
805,2024,12,22,2024-12-22,dry,-3.4,-7.7,1.0,52.9,0.0,2.1,0,2025-06-30 14:36:40
806,2024,12,23,2024-12-23,dry,0.3,-5.0,6.7,58.5,0.0,2.2,0,2025-06-30 14:36:40
807,2024,12,24,2024-12-24,dry,-0.4,-4.3,5.1,50.3,0.0,1.4,0,2025-06-30 14:36:41
808,2024,12,25,2024-12-25,dry,2.7,-1.1,6.5,63.1,0.1,2.0,0,2025-06-30 14:36:42
809,2024,12,26,2024-12-26,dry,0.1,-4.8,4.2,57.9,0.0,3.4,0,2025-06-30 14:36:42
810,2024,12,27,2024-12-27,dry,-2.6,-5.9,1.8,51.4,0.0,2.7,0,2025-06-30 14:36:43
811,2024,12,28,2024-12-28,dry,-3.0,-6.7,1.1,48.3,0.0,2.5,0,2025-06-30 14:36:44
812,2024,12,29,2024-12-29,dry,1.1,-4.2,6.1,56.1,0.0,1.5,0,2025-06-30 14:36:45
813,2024,12,30,2024-12-30,dry,5.5,1.9,10.1,68.5,0.0,2.3,0,2025-06-30 14:36:45
814,2024,12,31,2024-12-31,dry,0.6,-2.0,4.9,45.8,0.0,2.6,0,2025-06-30 14:36:46
875,2025,1,1,2025-01-01,dry,2.6,-2.5,8.9,64.3,0.0,2.2,0,2025-06-30 14:37:31
876,2025,1,2,2025-01-02,dry,0.5,-2.9,6.0,48.8,0.0,2.1,0,2025-06-30 14:37:32
877,2025,1,3,2025-01-03,dry,-1.1,-5.1,3.2,52.0,0.0,2.2,0,2025-06-30 14:37:33
878,2025,1,4,2025-01-04,dry,-0.1,-5.4,5.7,49.6,0.0,1.7,0,2025-06-30 14:37:33
879,2025,1,5,2025-01-05,dry,1.2,-0.7,2.5,85.0,6.7,2.5,0,2025-06-30 14:37:34
880,2025,1,6,2025-01-06,dry,1.0,-3.0,3.4,75.6,3.0,2.8,0,2025-06-30 14:37:35
881,2025,1,7,2025-01-07,dry,-2.6,-5.7,1.5,53.5,0.1,2.7,0,2025-06-30 14:37:35
882,2025,1,8,2025-01-08,dry,-3.4,-6.1,0.2,55.1,0.0,2.7,0,2025-06-30 14:37:36
883,2025,1,9,2025-01-09,dry,-9.7,-11.6,-6.1,38.4,0.0,4.2,0,2025-06-30 14:37:37
884,2025,1,10,2025-01-10,dry,-7.3,-12.2,-1.7,48.0,0.0,1.6,0,2025-06-30 14:37:38
885,2025,1,11,2025-01-11,dry,-5.1,-9.5,0.4,57.4,0.0,1.7,0,2025-06-30 14:37:38
886,2025,1,12,2025-01-12,dry,-3.4,-8.2,2.5,59.9,0.0,1.8,0,2025-06-30 14:37:39
887,2025,1,13,2025-01-13,dry,-0.4,-5.6,4.1,76.9,1.3,1.7,0,2025-06-30 14:37:40
888,2025,1,14,2025-01-14,dry,2.3,-1.7,5.2,72.0,0.1,2.3,0,2025-06-30 14:37:41
889,2025,1,15,2025-01-15,dry,-3.5,-5.3,-0.5,40.8,0.0,2.9,0,2025-06-30 14:37:41
890,2025,1,16,2025-01-16,dry,-0.5,-4.9,2.8,65.1,0.0,2.0,0,2025-06-30 14:37:42
891,2025,1,17,2025-01-17,dry,-0.5,-4.9,5.6,62.4,0.0,1.8,0,2025-06-30 14:37:43
892,2025,1,18,2025-01-18,dry,1.0,-4.0,7.5,54.1,0.0,1.6,0,2025-06-30 14:37:43
893,2025,1,19,2025-01-19,dry,3.8,-1.2,9.0,65.0,0.0,1.8,0,2025-06-30 14:37:44
894,2025,1,20,2025-01-20,dry,3.9,0.9,7.5,73.1,0.0,1.7,0,2025-06-30 14:37:45
895,2025,1,21,2025-01-21,dry,2.4,-1.0,6.3,79.8,0.0,1.6,0,2025-06-30 14:37:45
896,2025,1,22,2025-01-22,dry,3.6,0.5,7.7,70.3,0.0,1.9,0,2025-06-30 14:37:46
897,2025,1,23,2025-01-23,dry,2.0,-2.4,7.7,54.3,0.0,1.6,0,2025-06-30 14:37:47
898,2025,1,24,2025-01-24,dry,3.1,-2.7,10.6,45.9,0.0,1.5,0,2025-06-30 14:37:47
899,2025,1,25,2025-01-25,dry,5.2,1.2,11.4,52.8,0.0,3.1,0,2025-06-30 14:37:48
900,2025,1,26,2025-01-26,dry,4.6,1.8,7.5,50.5,0.0,2.8,0,2025-06-30 14:37:49
901,2025,1,27,2025-01-27,dry,0.2,-2.7,5.1,77.9,5.6,3.5,0,2025-06-30 14:37:49
902,2025,1,28,2025-01-28,dry,-3.9,-5.3,-2.5,71.3,0.1,4.0,0,2025-06-30 14:37:50
903,2025,1,29,2025-01-29,dry,-4.6,-6.4,-1.3,66.1,0.2,3.1,0,2025-06-30 14:37:51
904,2025,1,30,2025-01-30,dry,-3.8,-7.5,-1.0,46.6,0.0,1.6,0,2025-06-30 14:37:51
905,2025,1,31,2025-01-31,dry,-0.8,-2.6,0.7,80.1,2.4,2.1,0,2025-06-30 14:37:52
906,2025,2,1,2025-02-01,dry,1.6,-2.0,7.9,74.3,0.0,1.6,0,2025-06-30 14:37:53
907,2025,2,2,2025-02-02,dry,1.5,-2.5,6.8,67.1,0.0,2.0,0,2025-06-30 14:37:53
908,2025,2,3,2025-02-03,dry,-4.1,-8.2,0.6,48.8,0.0,4.2,0,2025-06-30 14:37:54
909,2025,2,4,2025-02-04,dry,-9.0,-11.5,-5.3,50.8,0.0,3.7,0,2025-06-30 14:37:55
910,2025,2,5,2025-02-05,dry,-8.6,-11.8,-3.7,49.1,0.0,3.2,0,2025-06-30 14:37:56
911,2025,2,6,2025-02-06,dry,-5.6,-11.5,-0.2,59.9,2.3,1.7,0,2025-06-30 14:37:56
912,2025,2,7,2025-02-07,dry,-8.0,-10.7,-4.7,60.1,0.4,3.9,0,2025-06-30 14:37:57
913,2025,2,8,2025-02-08,dry,-7.9,-11.5,-3.4,54.5,0.0,2.8,0,2025-06-30 14:37:58
914,2025,2,9,2025-02-09,dry,-4.7,-9.6,1.7,63.8,0.0,2.2,0,2025-06-30 14:37:59
915,2025,2,10,2025-02-10,dry,-2.6,-7.5,2.6,61.0,0.0,2.1,0,2025-06-30 14:37:59
916,2025,2,11,2025-02-11,dry,0.5,-5.7,7.0,59.8,0.0,2.0,0,2025-06-30 14:38:00
917,2025,2,12,2025-02-12,dry,0.5,-2.9,2.5,75.8,2.5,2.6,0,2025-06-30 14:38:01
918,2025,2,13,2025-02-13,dry,0.2,-5.8,6.1,53.1,0.0,2.2,0,2025-06-30 14:38:02
919,2025,2,14,2025-02-14,dry,3.7,-1.6,10.1,67.4,0.0,1.9,0,2025-06-30 14:38:03
920,2025,2,15,2025-02-15,dry,4.1,0.4,7.8,76.5,0.0,1.6,0,2025-06-30 14:38:03
921,2025,2,16,2025-02-16,dry,4.3,0.4,9.7,75.6,0.0,2.5,0,2025-06-30 14:38:04
922,2025,2,17,2025-02-17,dry,-0.3,-3.4,3.5,39.1,0.0,3.6,0,2025-06-30 14:38:05
923,2025,2,18,2025-02-18,dry,-2.3,-5.2,2.6,40.3,0.0,3.4,0,2025-06-30 14:38:05
924,2025,2,19,2025-02-19,dry,-3.0,-5.8,1.2,44.8,0.0,3.0,0,2025-06-30 14:38:06
925,2025,2,20,2025-02-20,dry,-2.9,-6.5,1.9,43.3,0.0,2.7,0,2025-06-30 14:38:07
926,2025,2,21,2025-02-21,dry,-2.5,-6.4,2.6,45.3,0.0,2.7,0,2025-06-30 14:38:07
927,2025,2,22,2025-02-22,dry,-2.3,-5.6,2.7,49.1,0.0,2.7,0,2025-06-30 14:38:08
928,2025,2,23,2025-02-23,dry,-3.6,-6.5,0.5,45.4,0.0,3.0,0,2025-06-30 14:38:09
929,2025,2,24,2025-02-24,dry,-1.3,-6.3,4.7,49.8,0.0,2.3,0,2025-06-30 14:38:09
930,2025,2,25,2025-02-25,dry,2.1,-3.1,6.1,72.6,0.0,2.9,0,2025-06-30 14:38:10
931,2025,2,26,2025-02-26,dry,3.7,0.7,9.1,49.4,0.0,2.6,0,2025-06-30 14:38:11
932,2025,2,27,2025-02-27,dry,5.8,-2.0,14.2,29.4,0.0,1.9,0,2025-06-30 14:38:11
933,2025,2,28,2025-02-28,dry,7.8,3.7,13.7,52.4,0.0,1.5,0,2025-06-30 14:38:12
